mode,distance metric,rank 1,rank 5
LBP,euclidean,12.962356792144025,21.374795417348608
LBP,cosine,14.63175122749591,23.404255319148938
LBP,cityblock,19.410801963993453,29.885433715220948