mode,distance metric,rank 1,rank 5
LBP_RESNET50,euclidean,12.76595744680851,23.20785597381342
LBP_RESNET50,cosine,13.486088379705402,23.011456628477905
LBP_RESNET50,cityblock,16.53027823240589,29.49263502454992